{
  "/status/200": {
    "latency": {
      "avg": 1007.340060005663,
      "p95": 1467.1002300019609,
      "min": 797.6872000144795,
      "max": 1313.5553000029176
    },
    "throughput": {
      "rps": 4.727206743388983,
      "success_rate": 100.0,
      "total_requests": 30,
      "successful_requests": 30,
      "duration": 6.346242427825928
    },
    "timestamp": "2026-02-06T20:17:40.283077"
  }
}